"","uid","cover"
"1","HM.1.A.11.2016",123
"2","HM.1.A.20.2017",159
"3","HM.1.A.35.2017",127
"4","HM.1.A.44.2016",109
"5","HM.1.A.51.2015",110
"6","HM.1.A.61.2015",190
"7","HM.1.A.64.2015",100
"8","HM.1.A.85.2017",138
"9","HM.1.A.91.2016",130
"10","HM.1.B.11.2017",119
"11","HM.1.B.20.2015",140
"12","HM.1.B.44.2017",112
"13","HM.1.B.51.2016",135
"14","HM.1.B.54.2016",119
"15","HM.1.B.55.2015",157
"16","HM.1.B.61.2016",149
"17","HM.1.B.85.2015",130
"18","HM.1.B.91.2017",96
"19","HM.1.C.11.2015",100
"20","HM.1.C.20.2016",109
"21","HM.1.C.35.2016",136
"22","HM.1.C.44.2015",94
"23","HM.1.C.51.2017",145
"24","HM.1.C.54.2017",117
"25","HM.1.C.61.2017",102
"26","HM.1.C.85.2016",112
"27","HM.1.C.91.2015",96
"28","HM.2.A.15.2015",153
"29","HM.2.A.29.2016",180
"30","HM.2.A.35.2015",139
"31","HM.2.A.53.2017",136
"32","HM.2.A.59.2017",109
"33","HM.2.A.6.2017",109
"34","HM.2.A.71.2016",142
"35","HM.2.A.8.2015",136
"36","HM.2.A.80.2016",112
"37","HM.2.B.15.2016",109
"38","HM.2.B.29.2017",152
"39","HM.2.B.35.2016",111
"40","HM.2.B.53.2015",104
"41","HM.2.B.59.2015",121
"42","HM.2.B.6.2015",166
"43","HM.2.B.71.2017",142
"44","HM.2.B.8.2016",192
"45","HM.2.B.80.2017",188
"46","HM.2.C.15.2017",141
"47","HM.2.C.29.2015",95
"48","HM.2.C.35.2017",161
"49","HM.2.C.53.2016",128
"50","HM.2.C.59.2016",143
"51","HM.2.C.6.2016",137
"52","HM.2.C.71.2015",104
"53","HM.2.C.8.2017",79
"54","HM.2.C.80.2015",105
"55","HM.3.A.3.2017",149
"56","HM.3.A.31.2015",136
"57","HM.3.A.47.2015",139
"58","HM.3.A.51.2016",150
"59","HM.3.A.7.2016",95
"60","HM.3.A.73.2017",134
"61","HM.3.A.74.2015",114
"62","HM.3.A.82.2016",119
"63","HM.3.A.88.2017",148
"64","HM.3.B.3.2015",138
"65","HM.3.B.31.2016",103
"66","HM.3.B.47.2016",89
"67","HM.3.B.52.2017",94
"68","HM.3.B.7.2017",117
"69","HM.3.B.73.2015",103
"70","HM.3.B.74.2016",111
"71","HM.3.B.82.2017",119
"72","HM.3.B.88.2015",114
"73","HM.3.C.3.2016",184
"74","HM.3.C.31.2017",94
"75","HM.3.C.47.2017",147
"76","HM.3.C.52.2015",92
"77","HM.3.C.7.2015",92
"78","HM.3.C.73.2016",171
"79","HM.3.C.74.2017",147
"80","HM.3.C.82.2015",164
"81","HM.3.C.88.2016",213
"82","HM.4.A.19.2017",123
"83","HM.4.A.2.2017",179
"84","HM.4.A.24.2015",134
"85","HM.4.A.37.2015",125
"86","HM.4.A.38.2017",113
"87","HM.4.A.58.2016",180
"88","HM.4.A.65.2016",175
"89","HM.4.A.73.2016",170
"90","HM.4.A.9.2015",113
"91","HM.4.B.19.2015",151
"92","HM.4.B.2.2015",92
"93","HM.4.B.24.2016",89
"94","HM.4.B.38.2015",86
"95","HM.4.B.58.2017",133
"96","HM.4.B.65.2017",131
"97","HM.4.B.67.2016",207
"98","HM.4.B.73.2017",134
"99","HM.4.B.9.2016",144
"100","HM.4.C.19.2016",116
"101","HM.4.C.2.2016",174
"102","HM.4.C.24.2017",105
"103","HM.4.C.38.2016",144
"104","HM.4.C.58.2015",202
"105","HM.4.C.65.2015",196
"106","HM.4.C.67.2017",113
"107","HM.4.C.73.2015",142
"108","HM.4.C.9.2017",79
"109","HM.5.A.10.2015",129
"110","HM.5.A.10.2017",87
"111","HM.5.A.14.2016",159
"112","HM.5.A.28.2016",114
"113","HM.5.A.29.2017",113
"114","HM.5.A.41.2016",127
"115","HM.5.A.78.2015",92
"116","HM.5.A.80.2017",95
"117","HM.5.A.83.2015",158
"118","HM.5.B.10.2015",172
"119","HM.5.B.10.2016",171
"120","HM.5.B.14.2017",148
"121","HM.5.B.28.2017",77
"122","HM.5.B.29.2015",149
"123","HM.5.B.41.2017",126
"124","HM.5.B.78.2016",172
"125","HM.5.B.80.2015",151
"126","HM.5.B.83.2016",131
"127","HM.5.C.10.2016",148
"128","HM.5.C.10.2017",134
"129","HM.5.C.14.2015",118
"130","HM.5.C.28.2015",165
"131","HM.5.C.29.2016",128
"132","HM.5.C.41.2015",150
"133","HM.5.C.78.2017",129
"134","HM.5.C.80.2016",113
"135","HM.5.C.83.2017",175
"136","HM.6.A.13.2015",148
"137","HM.6.A.47.2017",153
"138","HM.6.A.48.2017",168
"139","HM.6.A.63.2016",146
"140","HM.6.A.79.2016",188
"141","HM.6.A.84.2015",117
"142","HM.6.A.85.2015",129
"143","HM.6.A.86.2017",169
"144","HM.6.A.96.2016",135
"145","HM.6.B.13.2016",151
"146","HM.6.B.3.2017",180
"147","HM.6.B.79.2017",171
"148","HM.6.B.84.2016",190
"149","HM.6.B.85.2016",147
"150","HM.6.B.86.2015",155
"151","HM.6.B.96.2017",173
"152","HM.6.B.97.2015",133
"153","HM.6.B.98.2015",141
"154","HM.6.C.13.2017",155
"155","HM.6.C.3.2015",141
"156","HM.6.C.47.2016",106
"157","HM.6.C.48.2016",152
"158","HM.6.C.79.2015",129
"159","HM.6.C.84.2017",166
"160","HM.6.C.85.2017",189
"161","HM.6.C.86.2016",150
"162","HM.6.C.96.2015",147
"163","HM.7.A.17.2017",138
"164","HM.7.A.24.2016",86
"165","HM.7.A.24.2017",146
"166","HM.7.A.33.2017",94
"167","HM.7.A.53.2015",144
"168","HM.7.A.59.2015",108
"169","HM.7.A.63.2016",112
"170","HM.7.A.98.2015",149
"171","HM.7.A.99.2016",92
"172","HM.7.B.17.2015",138
"173","HM.7.B.24.2015",155
"174","HM.7.B.24.2017",149
"175","HM.7.B.33.2015",107
"176","HM.7.B.50.2016",157
"177","HM.7.B.59.2016",144
"178","HM.7.B.63.2017",104
"179","HM.7.B.98.2016",133
"180","HM.7.B.99.2017",157
"181","HM.7.C.17.2016",125
"182","HM.7.C.24.2015",121
"183","HM.7.C.24.2016",183
"184","HM.7.C.33.2016",94
"185","HM.7.C.50.2017",106
"186","HM.7.C.59.2017",88
"187","HM.7.C.63.2015",122
"188","HM.7.C.98.2017",119
"189","HM.7.C.99.2015",141
"190","HM.8.A.12.2016",144
"191","HM.8.A.16.2015",114
"192","HM.8.A.31.2016",203
"193","HM.8.A.42.2015",134
"194","HM.8.A.45.2017",185
"195","HM.8.A.47.2016",222
"196","HM.8.A.53.2015",129
"197","HM.8.A.66.2017",163
"198","HM.8.A.91.2017",114
"199","HM.8.B.12.2017",118
"200","HM.8.B.16.2016",106
"201","HM.8.B.31.2017",142
"202","HM.8.B.42.2016",143
"203","HM.8.B.45.2015",129
"204","HM.8.B.47.2017",154
"205","HM.8.B.53.2016",177
"206","HM.8.B.66.2015",129
"207","HM.8.B.91.2015",128
"208","HM.8.C.12.2015",127
"209","HM.8.C.16.2017",163
"210","HM.8.C.31.2015",142
"211","HM.8.C.42.2017",101
"212","HM.8.C.45.2016",190
"213","HM.8.C.47.2015",131
"214","HM.8.C.53.2017",191
"215","HM.8.C.66.2016",169
"216","HM.8.C.91.2016",171
"217","HP.1.A.11.2016",131
"218","HP.1.A.20.2017",134
"219","HP.1.A.35.2017",89
"220","HP.1.A.44.2016",57
"221","HP.1.A.51.2015",80
"222","HP.1.A.54.2015",79
"223","HP.1.A.61.2015",83
"224","HP.1.A.85.2017",66
"225","HP.1.A.91.2016",78
"226","HP.1.B.11.2017",93
"227","HP.1.B.20.2015",97
"228","HP.1.B.35.2015",58
"229","HP.1.B.44.2017",101
"230","HP.1.B.51.2016",104
"231","HP.1.B.54.2016",101
"232","HP.1.B.61.2016",103
"233","HP.1.B.85.2015",93
"234","HP.1.B.91.2017",95
"235","HP.1.C.11.2015",128
"236","HP.1.C.20.2016",155
"237","HP.1.C.35.2016",101
"238","HP.1.C.44.2015",114
"239","HP.1.C.51.2017",127
"240","HP.1.C.54.2017",135
"241","HP.1.C.61.2017",143
"242","HP.1.C.85.2016",105
"243","HP.1.C.91.2015",82
"244","HP.2.A.15.2015",115
"245","HP.2.A.29.2016",79
"246","HP.2.A.35.2015",74
"247","HP.2.A.53.2017",96
"248","HP.2.A.59.2017",93
"249","HP.2.A.6.2017",83
"250","HP.2.A.71.2016",97
"251","HP.2.A.8.2015",100
"252","HP.2.A.80.2016",102
"253","HP.2.B.15.2016",117
"254","HP.2.B.29.2017",75
"255","HP.2.B.35.2016",78
"256","HP.2.B.53.2015",119
"257","HP.2.B.59.2015",58
"258","HP.2.B.6.2015",60
"259","HP.2.B.71.2017",84
"260","HP.2.B.8.2016",73
"261","HP.2.B.80.2017",100
"262","HP.2.C.15.2017",115
"263","HP.2.C.29.2015",87
"264","HP.2.C.33.2016",114
"265","HP.2.C.35.2017",121
"266","HP.2.C.59.2016",123
"267","HP.2.C.6.2016",106
"268","HP.2.C.71.2015",114
"269","HP.2.C.8.2017",145
"270","HP.2.C.80.2015",69
"271","HP.3.A.3.2017",62
"272","HP.3.A.31.2015",65
"273","HP.3.A.47.2015",107
"274","HP.3.A.52.2016",97
"275","HP.3.A.7.2016",72
"276","HP.3.A.73.2017",75
"277","HP.3.A.74.2015",98
"278","HP.3.A.82.2016",92
"279","HP.3.A.88.2017",94
"280","HP.3.B.3.2015",98
"281","HP.3.B.31.2016",85
"282","HP.3.B.47.2016",107
"283","HP.3.B.52.2017",70
"284","HP.3.B.7.2017",84
"285","HP.3.B.73.2015",146
"286","HP.3.B.74.2016",99
"287","HP.3.B.82.2017",99
"288","HP.3.B.88.2015",99
"289","HP.3.C.3.2016",115
"290","HP.3.C.31.2017",101
"291","HP.3.C.47.2017",115
"292","HP.3.C.52.2015",107
"293","HP.3.C.7.2015",100
"294","HP.3.C.73.2016",103
"295","HP.3.C.74.2017",99
"296","HP.3.C.82.2015",95
"297","HP.3.C.88.2016",52
"298","HP.4.A.19.2017",84
"299","HP.4.A.2.2017",84
"300","HP.4.A.38.2017",91
"301","HP.4.A.58.2016",78
"302","HP.4.A.65.2016",84
"303","HP.4.A.67.2015",62
"304","HP.4.A.73.2016",105
"305","HP.4.A.84.2015",76
"306","HP.4.A.9.2015",75
"307","HP.4.B.19.2015",107
"308","HP.4.B.2.2015",81
"309","HP.4.B.24.2016",129
"310","HP.4.B.38.2015",85
"311","HP.4.B.58.2017",98
"312","HP.4.B.65.2017",80
"313","HP.4.B.67.2016",104
"314","HP.4.B.73.2017",88
"315","HP.4.B.9.2016",129
"316","HP.4.C.19.2016",92
"317","HP.4.C.2.2016",87
"318","HP.4.C.24.2017",78
"319","HP.4.C.3.2015",104
"320","HP.4.C.38.2016",85
"321","HP.4.C.58.2015",76
"322","HP.4.C.65.2015",87
"323","HP.4.C.67.2017",132
"324","HP.4.C.9.2017",111
"325","HP.5.A.10.2015",90
"326","HP.5.A.10.2017",67
"327","HP.5.A.14.2016",75
"328","HP.5.A.28.2016",87
"329","HP.5.A.29.2017",76
"330","HP.5.A.41.2016",101
"331","HP.5.A.78.2015",104
"332","HP.5.A.83.2015",80
"333","HP.5.A.NA.2017",69
"334","HP.5.B.10.2015",56
"335","HP.5.B.10.2016",85
"336","HP.5.B.14.2017",67
"337","HP.5.B.28.2017",79
"338","HP.5.B.29.2015",101
"339","HP.5.B.41.2017",94
"340","HP.5.B.78.2016",114
"341","HP.5.B.80.2015",104
"342","HP.5.B.83.2016",85
"343","HP.5.C.10.2016",78
"344","HP.5.C.10.2017",123
"345","HP.5.C.14.2015",82
"346","HP.5.C.28.2015",90
"347","HP.5.C.29.2016",107
"348","HP.5.C.41.2015",110
"349","HP.5.C.78.2017",102
"350","HP.5.C.80.2016",78
"351","HP.5.C.83.2017",112
"352","HP.6.A.13.2015",65
"353","HP.6.A.3.2016",52
"354","HP.6.A.47.2017",86
"355","HP.6.A.48.2017",80
"356","HP.6.A.79.2016",98
"357","HP.6.A.83.2015",81
"358","HP.6.A.84.2015",70
"359","HP.6.A.86.2017",85
"360","HP.6.A.96.2016",76
"361","HP.6.B.13.2016",111
"362","HP.6.B.3.2017",115
"363","HP.6.B.48a.2015",106
"364","HP.6.B.48b.2015",68
"365","HP.6.B.79.2017",131
"366","HP.6.B.84.2016",119
"367","HP.6.B.85.2016",101
"368","HP.6.B.86.2015",97
"369","HP.6.B.96.2017",73
"370","HP.6.C.13.2017",75
"371","HP.6.C.3.2015",91
"372","HP.6.C.47.2016",87
"373","HP.6.C.48.2016",74
"374","HP.6.C.79.2015",79
"375","HP.6.C.84.2017",124
"376","HP.6.C.85.2017",171
"377","HP.6.C.86.2016",161
"378","HP.6.C.96.2015",71
"379","HP.7.A.17.2017",101
"380","HP.7.A.24.2016",100
"381","HP.7.A.24.2017",79
"382","HP.7.A.33.2017",95
"383","HP.7.A.50.2015",105
"384","HP.7.A.59.2015",91
"385","HP.7.A.63.2016",106
"386","HP.7.A.98.2015",91
"387","HP.7.A.99.2016",89
"388","HP.7.B.17.2015",113
"389","HP.7.B.24.2015",99
"390","HP.7.B.24.2017",85
"391","HP.7.B.33.2015",108
"392","HP.7.B.50.2016",69
"393","HP.7.B.59.2016",128
"394","HP.7.B.63.2017",131
"395","HP.7.B.98.2016",114
"396","HP.7.B.99.2017",102
"397","HP.7.C.17.2016",90
"398","HP.7.C.24.2015",94
"399","HP.7.C.24.2016",78
"400","HP.7.C.33.2016",102
"401","HP.7.C.50.2017",105
"402","HP.7.C.59.2017",98
"403","HP.7.C.63.2015",111
"404","HP.7.C.98.2017",98
"405","HP.7.C.99.2015",102
"406","HP.8.A.12.2016",64
"407","HP.8.A.16.2015",86
"408","HP.8.A.31.2016",71
"409","HP.8.A.42.2015",121
"410","HP.8.A.45.2017",70
"411","HP.8.A.47.2016",72
"412","HP.8.A.53.2015",86
"413","HP.8.A.66.2017",92
"414","HP.8.A.91.2017",70
"415","HP.8.B.12.2017",112
"416","HP.8.B.16.2016",126
"417","HP.8.B.31.2017",131
"418","HP.8.B.42.2016",91
"419","HP.8.B.45.2015",125
"420","HP.8.B.47.2017",99
"421","HP.8.B.53.2016",108
"422","HP.8.B.66.2015",97
"423","HP.8.B.91.2015",80
"424","HP.8.C.12.2015",113
"425","HP.8.C.16.2017",123
"426","HP.8.C.37.2015",98
"427","HP.8.C.41.2015",85
"428","HP.8.C.42.2017",131
"429","HP.8.C.45.2016",87
"430","HP.8.C.53.2017",116
"431","HP.8.C.66.2016",120
"432","HP.8.C.91.2016",92
"433","LM.1.A.11.2016",127
"434","LM.1.A.20.2017",175
"435","LM.1.A.35.2017",124
"436","LM.1.A.44.2016",114
"437","LM.1.A.51.2015",128
"438","LM.1.A.61.2015",142
"439","LM.1.A.64.2015",120
"440","LM.1.A.85.2017",137
"441","LM.1.A.91.2016",112
"442","LM.1.B.11.2017",146
"443","LM.1.B.20.2015",145
"444","LM.1.B.35.2015",126
"445","LM.1.B.44.2017",111
"446","LM.1.B.51.2016",148
"447","LM.1.B.54.2016",121
"448","LM.1.B.61.2016",119
"449","LM.1.B.85.2015",141
"450","LM.1.B.91.2017",189
"451","LM.1.C.11.2015",137
"452","LM.1.C.20.2016",103
"453","LM.1.C.35.2016",125
"454","LM.1.C.44.2015",114
"455","LM.1.C.51.2017",175
"456","LM.1.C.54.2017",141
"457","LM.1.C.61.2017",121
"458","LM.1.C.86.2016",185
"459","LM.1.C.91.2015",151
"460","LM.2.A.15.2015",169
"461","LM.2.A.29.2016",123
"462","LM.2.A.35.2015",149
"463","LM.2.A.53.2017",144
"464","LM.2.A.59.2017",140
"465","LM.2.A.6.2017",174
"466","LM.2.A.71.2016",151
"467","LM.2.A.8.2015",148
"468","LM.2.A.80.2016",144
"469","LM.2.B.15.2016",141
"470","LM.2.B.29.2017",197
"471","LM.2.B.35.2016",162
"472","LM.2.B.56.2015",175
"473","LM.2.B.59.2015",151
"474","LM.2.B.6.2015",174
"475","LM.2.B.71.2017",161
"476","LM.2.B.8.2016",117
"477","LM.2.B.80.2017",141
"478","LM.2.C.15.2017",132
"479","LM.2.C.29.2015",162
"480","LM.2.C.32.2016",141
"481","LM.2.C.35.2017",184
"482","LM.2.C.59.2016",154
"483","LM.2.C.6.2016",129
"484","LM.2.C.71.2015",141
"485","LM.2.C.8.2017",140
"486","LM.2.C.80.2015",158
"487","LM.3.A.3.2017",206
"488","LM.3.A.31.2015",157
"489","LM.3.A.47.2015",146
"490","LM.3.A.52.2016",148
"491","LM.3.A.7.2016",143
"492","LM.3.A.73.2017",150
"493","LM.3.A.74.2015",150
"494","LM.3.A.82.2016",125
"495","LM.3.A.88.2017",123
"496","LM.3.B.3.2015",149
"497","LM.3.B.31.2016",117
"498","LM.3.B.47.2016",127
"499","LM.3.B.52.2017",142
"500","LM.3.B.7.2017",154
"501","LM.3.B.73.2015",141
"502","LM.3.B.74.2016",128
"503","LM.3.B.82.2017",140
"504","LM.3.B.88.2015",168
"505","LM.3.C.3.2016",156
"506","LM.3.C.31.2017",175
"507","LM.3.C.47.2017",157
"508","LM.3.C.52.2015",146
"509","LM.3.C.7.2015",107
"510","LM.3.C.73.2016",129
"511","LM.3.C.74.2017",133
"512","LM.3.C.82.2015",143
"513","LM.3.C.88.2016",197
"514","LM.4.A.19.2015",144
"515","LM.4.A.19.2017",136
"516","LM.4.A.2.2015",194
"517","LM.4.A.2.2017",162
"518","LM.4.A.38.2015",200
"519","LM.4.A.38.2017",131
"520","LM.4.A.58.2016",126
"521","LM.4.A.65.2016",136
"522","LM.4.A.73.2016",117
"523","LM.4.B.19.2015",141
"524","LM.4.B.2.2015",143
"525","LM.4.B.24.2016",168
"526","LM.4.B.38.2015",118
"527","LM.4.B.58.2017",146
"528","LM.4.B.65.2017",186
"529","LM.4.B.67.2016",146
"530","LM.4.B.73.2017",131
"531","LM.4.B.9.2016",166
"532","LM.4.C.19.2016",97
"533","LM.4.C.2.2016",113
"534","LM.4.C.24.2017",136
"535","LM.4.C.38.2016",164
"536","LM.4.C.58.2015",154
"537","LM.4.C.65.2015",117
"538","LM.4.C.67.2017",209
"539","LM.4.C.73.2015",155
"540","LM.4.C.9.2017",142
"541","LM.5.A.10.2015",166
"542","LM.5.A.10.2017",121
"543","LM.5.A.14.2016",202
"544","LM.5.A.28.2016",137
"545","LM.5.A.29.2017",180
"546","LM.5.A.41.2016",133
"547","LM.5.A.78.2015",182
"548","LM.5.A.80.2017",143
"549","LM.5.A.83.2015",187
"550","LM.5.B.10.2015",155
"551","LM.5.B.10.2016",93
"552","LM.5.B.14.2017",129
"553","LM.5.B.28.2017",128
"554","LM.5.B.29.2015",127
"555","LM.5.B.41.2017",127
"556","LM.5.B.78.2016",123
"557","LM.5.B.80.2015",198
"558","LM.5.B.83.2016",144
"559","LM.5.C.10.2016",90
"560","LM.5.C.10.2017",177
"561","LM.5.C.14.2015",123
"562","LM.5.C.28.2015",120
"563","LM.5.C.29.2016",139
"564","LM.5.C.41.2015",118
"565","LM.5.C.78.2017",93
"566","LM.5.C.80.2016",91
"567","LM.5.C.83.2017",166
"568","LM.6.A.13.2015",161
"569","LM.6.A.3.2016",140
"570","LM.6.A.47.2017",152
"571","LM.6.A.48.2017",118
"572","LM.6.A.79.2016",154
"573","LM.6.A.84.2015",149
"574","LM.6.A.85.2015",160
"575","LM.6.A.86.2017",112
"576","LM.6.A.96.2016",109
"577","LM.6.B.13.2016",179
"578","LM.6.B.3.2017",166
"579","LM.6.B.47.2015",143
"580","LM.6.B.48.2015",161
"581","LM.6.B.79.2017",144
"582","LM.6.B.84.2016",157
"583","LM.6.B.85.2016",161
"584","LM.6.B.86.2015",169
"585","LM.6.B.96.2017",139
"586","LM.6.C.13.2017",164
"587","LM.6.C.3.2015",174
"588","LM.6.C.47.2016",139
"589","LM.6.C.48.2016",143
"590","LM.6.C.79.2015",159
"591","LM.6.C.84.2017",124
"592","LM.6.C.85.2017",133
"593","LM.6.C.86.2016",108
"594","LM.6.C.96.2015",145
"595","LM.7.A.17.2017",190
"596","LM.7.A.24.2016",130
"597","LM.7.A.24.2017",120
"598","LM.7.A.33.2017",136
"599","LM.7.A.50.2015",93
"600","LM.7.A.59.2015",123
"601","LM.7.A.63.2016",150
"602","LM.7.A.98.2015",181
"603","LM.7.A.99.2016",150
"604","LM.7.B.17.2015",145
"605","LM.7.B.24.2015",81
"606","LM.7.B.33.2015",158
"607","LM.7.B.50.2016",149
"608","LM.7.B.50.2017",122
"609","LM.7.B.59.2016",159
"610","LM.7.B.59.2017",148
"611","LM.7.B.98.2016",188
"612","LM.7.B.98.2017",160
"613","LM.7.C.17.2016",159
"614","LM.7.C.24.2015",131
"615","LM.7.C.24.2016",125
"616","LM.7.C.24.2017",149
"617","LM.7.C.33.2016",116
"618","LM.7.C.63.2015",106
"619","LM.7.C.63.2017",102
"620","LM.7.C.99.2015",141
"621","LM.7.C.99.2017",153
"622","LM.8.A.12.2016",97
"623","LM.8.A.16.2015",127
"624","LM.8.A.31.2016",167
"625","LM.8.A.42.2015",127
"626","LM.8.A.45.2017",189
"627","LM.8.A.47.2016",85
"628","LM.8.A.66.2017",149
"629","LM.8.A.73.2015",170
"630","LM.8.A.91.2017",126
"631","LM.8.B.12.2017",146
"632","LM.8.B.16.2016",111
"633","LM.8.B.31.2017",119
"634","LM.8.B.42.2016",119
"635","LM.8.B.45.2015",171
"636","LM.8.B.47.2017",131
"637","LM.8.B.53.2016",130
"638","LM.8.B.66.2015",123
"639","LM.8.B.91.2015",143
"640","LM.8.C.12.2015",111
"641","LM.8.C.16.2017",130
"642","LM.8.C.31.2015",152
"643","LM.8.C.42.2017",141
"644","LM.8.C.45.2016",115
"645","LM.8.C.47.2015",125
"646","LM.8.C.53.2017",142
"647","LM.8.C.66.2016",146
"648","LM.8.C.91.2016",190
"649","VP.1.A.20.2017",124
"650","VP.1.A.29.2016",131
"651","VP.1.A.35.2017",106
"652","VP.1.A.51.2015",118
"653","VP.1.A.54.2015",160
"654","VP.1.A.61.2015",138
"655","VP.1.A.71.2016",117
"656","VP.1.A.80.2016",106
"657","VP.1.A.85.2017",86
"658","VP.1.B.11.2017",122
"659","VP.1.B.20.2015",112
"660","VP.1.B.35.2015",127
"661","VP.1.B.44.2017",135
"662","VP.1.B.51.2016",156
"663","VP.1.B.54.2016",138
"664","VP.1.B.61.2016",133
"665","VP.1.B.85.2015",128
"666","VP.1.B.91.2017",142
"667","VP.1.C.11.2015",122
"668","VP.1.C.20.2016",164
"669","VP.1.C.35.2016",76
"670","VP.1.C.44.2015",135
"671","VP.1.C.51.2017",173
"672","VP.1.C.54.2017",164
"673","VP.1.C.61.2017",102
"674","VP.1.C.85.2016",134
"675","VP.1.C.91.2015",100
"676","VP.2.A.11.2016",109
"677","VP.2.A.24.2015",80
"678","VP.2.A.44.2016",126
"679","VP.2.A.53.2017",114
"680","VP.2.A.59.2017",133
"681","VP.2.A.6.2017",94
"682","VP.2.A.67.2015",92
"683","VP.2.A.9.2015",110
"684","VP.2.A.91.2016",96
"685","VP.2.B.15.2016",132
"686","VP.2.B.29.2017",94
"687","VP.2.B.35.2016",143
"688","VP.2.B.53.2015",131
"689","VP.2.B.59.2015",117
"690","VP.2.B.6.2015",141
"691","VP.2.B.71.2017",88
"692","VP.2.B.8.2016",136
"693","VP.2.B.80.2017",141
"694","VP.2.C.15.2017",149
"695","VP.2.C.29.2015",107
"696","VP.2.C.35.2017",136
"697","VP.2.C.53.2016",104
"698","VP.2.C.59.2016",153
"699","VP.2.C.6.2016",134
"700","VP.2.C.71.2015",126
"701","VP.2.C.8.2017",86
"702","VP.2.C.80.2015",136
"703","VP.3.A.3.2017",94
"704","VP.3.A.31.2015",77
"705","VP.3.A.47.2015",94
"706","VP.3.A.52.2016",139
"707","VP.3.A.7.2016",176
"708","VP.3.A.73.2017",119
"709","VP.3.A.74.2015",60
"710","VP.3.A.82.2016",160
"711","VP.3.A.88.2017",112
"712","VP.3.B.3.2015",168
"713","VP.3.B.31.2016",101
"714","VP.3.B.47.2016",116
"715","VP.3.B.52.2017",122
"716","VP.3.B.7.2017",77
"717","VP.3.B.73.2015",116
"718","VP.3.B.74.2016",146
"719","VP.3.B.82.2017",131
"720","VP.3.B.88.2015",128
"721","VP.3.C.3.2016",109
"722","VP.3.C.31.2017",80
"723","VP.3.C.47.2017",113
"724","VP.3.C.52.2015",95
"725","VP.3.C.7.2015",130
"726","VP.3.C.73.2016",149
"727","VP.3.C.74.2017",155
"728","VP.3.C.82.2015",151
"729","VP.3.C.88.2016",127
"730","VP.4.A.13.2015",133
"731","VP.4.A.19.2017",105
"732","VP.4.A.2.2017",129
"733","VP.4.A.38.2017",95
"734","VP.4.A.58.2016",126
"735","VP.4.A.65.2016",88
"736","VP.4.A.73.2016",98
"737","VP.4.A.84.2015",130
"738","VP.4.A.85.2015",146
"739","VP.4.B.19.2015",102
"740","VP.4.B.2.2015",101
"741","VP.4.B.24.2016",148
"742","VP.4.B.38.2015",100
"743","VP.4.B.58.2017",106
"744","VP.4.B.65.2017",111
"745","VP.4.B.67.2016",145
"746","VP.4.B.73.2017",171
"747","VP.4.B.9.2016",155
"748","VP.4.C.00a.2015",135
"749","VP.4.C.00b.2015",140
"750","VP.4.C.00c.2015",113
"751","VP.4.C.19.2016",84
"752","VP.4.C.2.2016",59
"753","VP.4.C.24.2017",81
"754","VP.4.C.38.2016",124
"755","VP.4.C.67.2017",156
"756","VP.4.C.9.2017",111
"757","VP.5.A.10.2015",83
"758","VP.5.A.10.2017",85
"759","VP.5.A.14.2016",114
"760","VP.5.A.28.2016",134
"761","VP.5.A.29.2017",76
"762","VP.5.A.41.2016",135
"763","VP.5.A.78.2015",112
"764","VP.5.A.80.2017",117
"765","VP.5.A.83.2015",57
"766","VP.5.B.10.2015",146
"767","VP.5.B.10.2016",110
"768","VP.5.B.14.2017",154
"769","VP.5.B.28.2017",133
"770","VP.5.B.29.2015",129
"771","VP.5.B.41.2017",168
"772","VP.5.B.78.2016",124
"773","VP.5.B.80.2015",106
"774","VP.5.B.83.2016",135
"775","VP.5.C.10.2016",124
"776","VP.5.C.10.2017",88
"777","VP.5.C.14.2015",161
"778","VP.5.C.28.2015",107
"779","VP.5.C.29.2016",116
"780","VP.5.C.41.2015",164
"781","VP.5.C.78.2017",132
"782","VP.5.C.80.2016",100
"783","VP.5.C.83.2017",146
"784","VP.6.A.16.2015",117
"785","VP.6.A.3.2016",51
"786","VP.6.A.42.2015",94
"787","VP.6.A.47.2017",86
"788","VP.6.A.48.2017",89
"789","VP.6.A.53.2015",101
"790","VP.6.A.79.2016",60
"791","VP.6.A.86.2017",118
"792","VP.6.A.96.2016",74
"793","VP.6.B.13.2016",151
"794","VP.6.B.3.2017",146
"795","VP.6.B.47.2015",121
"796","VP.6.B.48.2015",121
"797","VP.6.B.79.2017",129
"798","VP.6.B.84.2016",133
"799","VP.6.B.85.2016",144
"800","VP.6.B.86.2015",78
"801","VP.6.B.96.2017",70
"802","VP.6.C.13.2017",156
"803","VP.6.C.3.2015",145
"804","VP.6.C.47.2016",125
"805","VP.6.C.48.2016",151
"806","VP.6.C.79.2015",138
"807","VP.6.C.84.2017",120
"808","VP.6.C.85.2017",157
"809","VP.6.C.86.2016",94
"810","VP.6.C.96.2015",141
"811","VP.7.A.17.2017",128
"812","VP.7.A.24.2016",80
"813","VP.7.A.24.2017",91
"814","VP.7.A.33.2017",119
"815","VP.7.A.50.2015",99
"816","VP.7.A.59.2015",111
"817","VP.7.A.63.2016",71
"818","VP.7.A.98.2015",160
"819","VP.7.A.99.2016",123
"820","VP.7.B.17.2015",147
"821","VP.7.B.2.2017",154
"822","VP.7.B.24.2015",136
"823","VP.7.B.33.2015",119
"824","VP.7.B.50.2016",49
"825","VP.7.B.59.2016",118
"826","VP.7.B.63.2017",99
"827","VP.7.B.98.2016",88
"828","VP.7.B.99.2017",76
"829","VP.7.C.17.2016",163
"830","VP.7.C.24.2015",117
"831","VP.7.C.24.2016",131
"832","VP.7.C.33.2016",118
"833","VP.7.C.50.2017",148
"834","VP.7.C.59.2017",114
"835","VP.7.C.63.2015",118
"836","VP.7.C.98.2017",98
"837","VP.7.C.99.2015",115
"838","VP.8.A.12.2016",110
"839","VP.8.A.16.2015",122
"840","VP.8.A.31.2016",106
"841","VP.8.A.42.2015",31
"842","VP.8.A.45.2017",87
"843","VP.8.A.47.2016",100
"844","VP.8.A.53.2015",117
"845","VP.8.A.66.2017",116
"846","VP.8.A.91.2017",109
"847","VP.8.B.12.2017",61
"848","VP.8.B.16.2016",115
"849","VP.8.B.31.2017",135
"850","VP.8.B.42.2016",143
"851","VP.8.B.45.2015",143
"852","VP.8.B.47.2017",92
"853","VP.8.B.53.2016",127
"854","VP.8.B.60.2015",105
"855","VP.8.B.91.2015",115
"856","VP.8.C.12.2015",126
"857","VP.8.C.16.2017",165
"858","VP.8.C.31.2015",139
"859","VP.8.C.42.2017",101
"860","VP.8.C.45.2016",107
"861","VP.8.C.47.2015",143
"862","VP.8.C.53.2017",132
"863","VP.8.C.66.2016",162
"864","VP.8.C.91.2016",109
